,Accuracy,Precision,Recall,F1 Score,AUC-ROC
KNN,0.8852459016393442,0.8387096774193549,0.9285714285714286,0.8813559322033898,0.948051948051948
SVM,0.8852459016393442,0.8387096774193549,0.9285714285714286,0.8813559322033898,0.9534632034632036
Logistic Regression,0.8688524590163934,0.8125,0.9285714285714286,0.8666666666666667,0.9610389610389611
MLP (Neural Net),0.8688524590163934,0.8125,0.9285714285714286,0.8666666666666667,0.948051948051948
LightGBM,0.8524590163934426,0.8518518518518519,0.8214285714285714,0.8363636363636363,0.9329004329004329
XGBoost,0.8360655737704918,0.78125,0.8928571428571429,0.8333333333333334,0.893939393939394
